{"cameraMode":{"drawMode":0,"name":"Shaded","section":"Shading Mode"},"sceneLighting":false,"audioPlay":false,"sceneViewState":{"showFog":true,"showMaterialUpdate":true,"showSkybox":true,"showFlares":true,"showImageEffects":true,"showParticleSystems":true},"in2DMode":false,"pivot":{"x":-0.3567790985107422,"y":6.8824615478515629,"z":3.893270492553711},"rotation":{"x":0.035371363162994388,"y":0.18480956554412843,"z":-0.006655687931925058,"w":0.9821151494979858},"size":31.33089828491211,"orthographic":true}